,amp1,amp2,amp3,amp4
0,0.001129753927460551,0.004261361482964444,0.0019778532134638884,0.0006043258189458552
1,0.0011119854396579695,0.00341879069554981,0.0017257405363402135,0.0015901457643151388
2,0.0016435832027401924,0.0038456473704398136,0.0038964045841739857,0.00047740316540582
3,0.002940852708378356,0.0013142912634088965,0.0010484666746174186,0.0015224475035976993
4,0.0048326749965519455,0.003609239371459111,0.002919267528267913,0.00013893290197455844
5,0.0033691138057058024,0.0017050992133969365,0.00504791673467848,0.001041486056925984
6,0.0011833613027701243,0.0019443556666466175,0.0006906368596789862,0.0005719937325833014
7,0.0021838266052892287,0.002989265012791215,0.0014781778824759124,0.0015470004371273029
8,0.00151285940000893,0.0029120128520664407,0.003056076938923554,0.0007058124308398159
9,0.005313540432109911,0.0018359152346506674,0.003371154166002385,0.002115847102015365
10,0.0030849969200424945,0.0018580858822612397,0.0008132457117002106,6.299205813705602e-05
11,0.0019126103165698072,0.001624186240908933,0.0020829218862946346,0.00077945461668522
12,0.0019943671977159807,0.0012239389428694628,0.00212564592891088,0.0005279158580309665
13,0.0027274424657829986,0.0021389304051994875,0.0013569661842010555,0.0014890867977343694
14,0.005362148692707376,0.003755548479251853,0.003260208490102069,0.0003632606535661937
15,0.004169941567503218,0.00325160347058087,0.0034392163624011626,0.0007011168823014759
16,0.0054069631632923144,0.001973762136319645,0.0004427066046273515,0.0001264283179548799
17,0.0020351562187435053,0.001337733190881235,0.003562590812608646,0.0008362299254198472
18,0.001845388166125575,0.0019067788837833376,0.0008642765975734537,0.0002687167621514462
19,0.0013245026090909604,0.0015368255438943902,0.0007844179193067149,0.0004988382609441614
20,0.003076977458406925,0.0019535227613406508,0.0028829924798326055,0.001428545300891778
21,0.0050416824325820505,0.0031609332902730078,0.0021889067221927344,0.000824896146217528
22,0.001289130078128877,0.0021908607965440588,0.00232263799962459,0.0008245111239834645
23,0.00478669066857475,0.0013213039683404885,0.0013752324961591354,0.0018199968373075936
24,0.0020081073251933578,0.0012935117974071841,0.0018709042651928855,0.0004364822839771755
25,0.0033308865946759785,0.0032891018643747836,0.00334140025671106,0.0009191482543352298
26,0.004417874429436437,0.003756708091225521,0.001066368691502957,0.0010993065674897125
27,0.003055897861865767,0.002461031932322891,0.0033785655804723265,0.0010075386953946725
28,0.001197500604804295,0.0031235935162663587,0.0006832747040314753,0.0018419948501901464
29,0.0020165917809787594,0.004442514450019178,0.002269667347086187,0.00012938218552310463
30,0.0026059391145371166,0.0020077844839163327,0.0024033298573856617,0.00030481502002590514
31,0.005123488117199888,0.0034046888716731264,0.0032792567569132043,0.0015863146589640588
32,0.002570771872355643,0.0019168775300056871,0.0010127991645862903,0.0012253460652811772
33,0.004671178846264018,0.004051825506193026,0.0016781588481871532,0.0006945476910873462
34,0.0038109410244937763,0.004001076768406424,0.0023022174795380573,0.000534466765444928
35,0.0017159098373963127,0.0028386854888223685,0.002698958739838331,0.0005908976662680563
36,0.0005328601048533821,0.00364358440500062,0.0019160552768341613,0.0013037704889716031
37,0.004280925566512545,0.0021252942717557327,0.0023760519777628643,0.0009544506470346333
38,0.003010774288344622,0.0034028629760948837,0.0026525921449921308,0.0005056340498436599
39,0.0012444229418303095,0.002973257734366701,0.001923525189922249,0.0017348244087734663
40,0.004626894484532982,0.002134569114391687,0.0028036090406443094,0.0009931925179529045
41,0.0014501911493103067,0.0013395560675026547,0.0022578318639544315,0.0003274767742319386
42,0.004040003035442403,0.0012435297690064468,0.004475975175907968,0.001135992198547916
43,0.0025842175421672583,0.002021246181797477,0.002554495250561407,0.0005122920808567002
44,0.004864297444065593,0.00248919794999629,0.0021200232235074564,0.0012850837517567094
45,0.0028244108976302864,0.0024457384149377567,0.002614903287887892,0.0004345158688159312
46,0.0014615261697343447,0.002304565546624787,0.001997975821446867,0.0009783797547735216
47,0.005169072814261287,0.0023764677698329606,0.0025583243898391343,0.00042493580184268105
48,0.003208031173254496,0.002211140163215013,0.001438486225934895,6.698879635831347e-05
49,0.0013538118489899635,0.002462529451503027,0.002212862237822314,0.0015432526439687778
50,0.00619919871346992,0.0023704270423160916,0.003006190626789617,0.0010446632816059718
51,0.0017455021185017962,0.0031065362461044996,0.0037010698779910613,0.0014770790648535638
52,0.003925027113260368,0.004490793414647276,0.003804746493938242,0.00107938932420558
53,0.0027839423172876295,0.0027016941082240484,0.0033858604579240664,0.0008324726124558344
54,0.001366547055647715,0.0009597784543703208,0.0032437481464309987,0.0006833462102685948
55,0.00444120401774102,0.0029063406328941836,0.0024000246067842823,0.0009021158690348407
56,0.0028380756083887402,0.0021795550183996808,0.00197818215947206,0.000989792354649541
57,0.0019197430067312714,0.0014609393908155167,0.0032623727820086956,0.000717641879257991
58,0.004431311544539216,0.0023511829287687466,0.0017590743887977796,0.001201585464586632
59,0.002302813653844252,0.001580959522978472,0.0020512368905674133,0.0005933519604644953
60,0.002613157362522177,0.0007691745212769913,0.0014271984509886843,0.0011569359389903354
61,0.002300967127960453,0.0014127153844238987,0.0018935210066124025,2.4087823728414948e-05
62,0.0033785790708898457,0.0018415238650003796,0.0018959450179163234,0.0012163226874164453
63,0.005417385468510514,0.002089362605548736,0.0029063434198598856,0.0008638762569645414
64,0.003175805252583593,0.0032927992477033603,0.0007506523794652709,0.001840569665658787
65,0.005008490530932726,0.004534870646252162,0.002625664962051343,0.0010636194370343356
66,0.002006466583852009,0.001053085308450783,0.0013715336164899505,0.0005618733606076569
67,0.0049004084674291945,0.0015776119987030727,0.0018698694422865096,0.0011922047778384279
68,0.004317957206266167,0.0033686151575780554,0.001002237643975573,0.002121842063677211
69,0.0011068229053405486,0.0014878581856945787,0.0009965265465167043,0.0002456395553369001
70,0.002696973592181636,0.0012558773224654214,0.0019679064651262584,0.00020460436749212296
71,0.004181138257337873,0.0026069562843563077,0.0019448299339386882,0.0008364006617461407
72,0.004700009310263549,0.0006763272572899271,0.0014280407921917083,0.0007538303997262671
73,0.0041498655637622756,0.0029352387276774406,0.003107511476970257,0.0015742944240716196
74,0.0020037314678981845,0.0016170424036793787,0.0032270088713799057,0.001120753452889005
75,0.003125564108316714,0.0038556229087631437,0.0002637164784423198,0.0013281244142417017
76,0.0021191632772992186,0.0026371555688843988,0.0010488600709517087,0.001389506456600571
77,0.0037047312345158748,0.0032651020374236147,0.002112201796425733,0.0012394339350734074
78,0.00265374192485697,0.0025176253678273713,0.0021286910758597337,0.0010631648479012463
79,0.003765187419941243,0.0015515076347044831,0.0023877763014173493,0.0006977010002532675
80,0.0023583950233221854,0.0018992052482027682,0.0007829764971473744,0.0016645090485791103
81,0.0023222597360347467,0.0049313135321508,0.001269100163013593,0.00024424489465575206
82,0.004833518930434568,0.00275608032429878,0.0014186312860338752,0.000938412329101963
83,0.001843215117339073,0.0021368489161411627,0.0063313213539704484,0.0005810249819270828
84,0.0017821999763864968,0.0011934152684785044,0.001310323637375153,0.0019448481883067876
85,0.002032927330964542,0.002212388247014997,0.0010112633586511898,0.000551918754040792
86,0.005190250085316933,0.0014537545541868653,0.0057666633802817766,0.0005815419883663543
87,0.002108304923348163,0.0036599658117455434,0.0011734081786900288,0.0014597141880044948
88,0.0016960096663099036,0.002832437527598311,0.0012947839846142754,0.002068273279081867
89,0.0030092163053075357,0.002259331212069378,0.002709691679358953,0.0018350396526480865
90,0.0028986303020837145,0.003531079983288686,0.0006995131066613364,0.001063135807821686
91,0.0038398886519137028,0.0033531924574049174,0.004567725860146114,0.0013938364611824911
92,0.0016442098302439246,0.0034585453533374625,0.0006241725372530568,0.0006798428406273088
93,0.000639031025880366,0.00301586208273558,0.0031053186583333858,0.0012517548525571242
94,0.004297334169448807,0.001379897895372561,0.0034578505405178763,0.0003568097149813774
95,0.003138056214966629,0.002176300051091093,0.00014432071286154283,0.0006074363802551065
96,0.0027096151752393294,0.002020889283312182,0.0029371088593676603,0.0005104197615481673
97,0.003743437745183216,0.0021179557350538567,0.0012761673357402786,0.0008418103565741279
98,0.003194207748840327,0.0022401504657262863,0.0010962446608255277,0.0005152698208886472
99,0.0038278867643350306,0.002740261540499807,0.005782981580912136,0.0015013578907224713
100,0.004067487610482773,0.0027734135457498682,0.0015295656619761892,0.0012498018210413766
101,0.0005544305974261171,0.003334824992464621,0.0006798088720735441,0.0009014071804101576
102,0.0025518088423201225,0.003247585923018988,0.0005717161433719765,0.0018103944328410329
103,0.0056320826117346855,0.002949788693024275,0.002141484136510914,0.0013003156941853
104,0.00216353127089792,0.002673277012647921,0.0027596602145928922,0.0016076651300562226
105,0.004328757209278992,0.0024094096875688885,0.0006669127429271851,0.0012763414558916461
106,0.002519277855655562,0.003254356982861129,0.0012698220033142875,0.0009155944940582865
107,0.0029184415267308915,0.0034550509189328715,0.001592033505599349,0.0008458468161162171
108,0.0014102788554103934,0.001988317666828227,0.005221182442652354,0.0011665544031118085
109,0.004870035030858786,0.0015405908212108236,0.006196693771611923,0.0008610680005099033
110,0.0020613706668467977,0.0038984489235381285,0.001800050925460182,0.0013722253141017235
111,0.001628149835331436,0.0015021150936054108,0.0022121190050815786,0.0006992784531354864
112,0.0005606900536300538,0.0018162911773618026,0.0025856511095419307,0.0007115547050152692
113,0.0032502852313175744,0.002673976345749562,0.0012625164186629962,0.0010409540828489048
114,0.005819167167836177,0.0021565827747585435,0.0024471072792458873,0.001585598896417926
115,0.0015428824017616957,0.0033619565678763247,0.00233143378102894,0.0008599103162998718
116,0.004185774488624988,0.0028971708385696266,0.0014009449840026156,0.0005428417510522749
117,0.003709839325912228,0.0008497461869907217,0.0028709615652742736,0.0013415358220918885
118,0.0012305183146620437,0.0028474122524396748,0.000677123789994733,0.001095326532322065
119,0.0048196754856562754,0.0017842488782656215,0.00236954359876292,0.0016314285835415283
120,0.005234183756283935,0.0016357869369457109,0.0014270843579146028,0.001618704820186108
121,0.0009133392939867215,0.002406807138452103,0.00043011499534656114,0.0011091207464104722
122,0.005222530312225188,0.0029222425816107086,0.0030522901782402898,0.00040217435228760365
123,0.002831945263222789,0.001726941615372706,0.0045502612880528835,0.00043458075400731264
124,0.001512150757402075,0.002759355181814503,0.0026775723519753512,0.0021166971739871236
125,0.0021784603128061812,0.003070036880371898,0.002898366631173156,0.0011389867058054126
126,0.002970219624126659,0.0032680891908062437,0.002368932957821089,0.0003598385835142982
127,0.0032288214614987452,0.0011602549129437832,0.0014865089749736362,0.0009459883414561301
128,0.0046347194736942625,0.0020280343013439265,0.0010102329789187488,0.002187616623461373
129,0.0010411519647697271,0.003706346757897238,0.0010305033830042927,0.0019267805280766483
130,0.0031926378741646017,0.0017625467082867303,0.002548785980730664,0.0006944596460537099
131,0.001140524798857548,0.0026874182144477903,0.0031179496973879717,0.0004490203820872353
132,0.0028278227943075297,0.0027723051789822276,0.0008858048540411707,0.0003340737591609485
133,0.003964767498600711,0.002193806560863263,0.0016920067797600474,0.0009236679770196431
134,0.0021872977374920582,0.0028640752758642505,0.0021823458177182664,0.001191096565975062
135,0.0016624078264795461,0.002066219004630663,0.001029903685996646,0.00021744038590620148
136,0.0029853203446292315,0.0023562036986015237,0.0009005567811931599,0.0008202866835203238
137,0.004708815728484122,0.003699238346800217,0.0019681861711580754,0.0007728622606912755
138,0.0038449725778296646,0.0024647091443266,0.002548980593466627,0.0004893777544945139
139,0.003793724835212295,0.0008480167589112593,0.004994632863630539,0.0012346182734770176
140,0.0013667725777999793,0.0026418137176905053,0.0023706175310024475,0.0007625003518570943
141,0.0025481415934177345,0.001025145218165286,0.0023493905451085722,0.0015793645161966065
142,0.004006670379412124,0.003913601268007539,0.0012375198959000363,0.0014249354424515231
143,0.00237575450755873,0.001162427102772579,0.0016310407957999496,0.0008918158623623644
144,0.003594160246084747,0.002328066371735029,0.0017070040234711138,0.0016819589497917245
145,0.003395616002691988,0.003937049269557019,0.0032287509842813286,0.000616154017617122
146,0.004413549876697125,0.003080855125544118,0.0014732381343350951,0.0003451295726204124
147,0.0021789146874804273,0.0016796189108156338,0.0009204553043245325,0.0010272801227945124
148,0.0016262549721000757,0.00040087260290840813,0.0012783660229763315,0.0005348570779851297
149,0.00493502862116731,0.0022125391505958985,0.0008462555171224184,0.00045962516229174896
150,0.005636343684379549,0.002596471110802759,0.0019697109936897203,0.0008569501416749537
151,0.001267238048293613,0.0015331981120645162,0.0010234237666518478,0.0018125456739640396
152,0.0019921518118786044,0.0015087551626173346,0.00030799633660900705,0.000928598344440355
153,0.0033835114962280904,0.0020982640606824195,0.002110299171437887,0.0005875879836544826
154,0.0030061762936453556,0.00314643213971997,0.0008530222025632376,0.0007491803729668958
155,0.003909680212107699,0.0017954670187792171,0.0018665312179765377,0.0004486277637602723
156,0.0034915998667533234,0.002513301702773573,0.0006642435329141255,0.0013345170064777293
157,0.0034812588711840204,0.003457086802612511,0.004817587720371571,0.001616057663275487
158,0.0035649395808851564,0.002591764394878905,0.001880883624850757,0.0018985924161878786
159,0.005836990610413031,0.0031715148934220935,0.00306527991760857,0.0007091275185374997
160,0.005531400234814736,0.0015653344279232457,0.0021693599186051776,0.0018191979158194331
161,0.00031939564083573966,0.0014701239894118374,0.001186762562976132,0.0014389952516271707
162,0.003007718346410429,0.004572316824042741,0.0005661526248399525,0.0013088960588712253
163,0.0013245519014250284,0.0026281465877204917,0.0017857951018332532,0.0007409433369439077
164,0.0028871852925099716,0.0035493178495224122,0.0011622379968881408,0.0006774905867142291
165,0.0006523979768406542,0.002674567729197861,0.0015688518836606833,0.0016133503436278535
166,0.00217893792773189,0.0025393342633944264,0.0031666613050235163,0.0014107076172620407
167,0.00010395768298483372,0.0019539318318238202,0.002335647628271868,0.0006828729853261658
168,0.0036557029753070862,0.0019447422497458904,0.001871879838656395,0.0007587184188605454
169,0.0014007586149745728,0.003686149627220844,0.0016986066979684938,0.0009881764127256732
170,0.002821325052084996,0.003700487957569733,0.002098312536207416,0.00030253291496879723
171,0.002554899724381738,0.0024262224865474664,0.0026202049258364155,0.00022291775442558764
172,0.0035654119908608336,0.0015581330271811546,0.003590182542189622,0.001603080343486752
173,0.0024964465713318367,0.0022489632242696845,0.0007515698204000893,0.001860423986408013
174,0.002606421091304204,0.002753953002985105,0.0017890694929864502,6.867525382590448e-05
175,0.0012993323435990334,0.003192017454844667,0.0018722235563889981,0.0012528387307214313
176,0.0031424718641270416,0.002128756696832806,0.004708550539159959,0.0018481135885552603
177,0.002913940781289967,0.0002773347792507569,0.0031635562889715725,0.000877710970123777
178,0.003967628957800967,0.002066030266560962,0.0007775317214698118,0.001693573397468593
179,0.0017738421533343642,0.0024146867223755757,0.0006557599427878105,0.0008617208507803466
180,0.003933378591376719,0.002058543786531714,0.0011176817907992088,0.00031231938396838137
181,0.005501577598095553,0.002234350401358171,0.0012184510122794515,0.00033327201752493475
182,0.004889508985142556,0.0025253825314825178,0.0012910891385415641,0.001412401102996101
183,0.0036227614559088735,0.0038963867111818356,0.0015129598346653888,0.0006771971134555208
184,0.004767996990166306,0.0020049185178359283,0.0025693793708913455,0.0005880333550947357
185,0.0028336306625015902,0.0015092095708982769,0.005098218764756385,0.0005988305317431541
186,0.003618124670446615,0.0024588534561961126,0.003006456710969576,0.0005437628735096083
187,0.004751691851154507,0.002529467823802328,0.0015877440596637747,0.0016284353069476055
188,0.0036148539238619647,0.0023341707800868575,0.0006726223407973273,0.0013266726487825603
189,0.0024224554381295656,0.003370075170801729,0.002561517078245587,0.0012866966984486751
190,0.0036260881565640017,0.0023059190895450897,0.003035161258966888,0.001092569166478167
191,0.004436698857175699,0.0016350277295200362,0.0021048441706766514,0.0008263337615896134
192,0.004649468199159537,0.003723483477065376,0.0032631482549194263,0.0017027256076647458
193,0.005162961174251398,0.003384363272594738,0.0027151199937440547,0.001499327590267849
194,0.00259527161926611,0.0007145092617548048,0.0017358565899450774,0.0012498344897199504
195,0.0016720704711750117,0.0015137700589026083,0.0014398560669988583,0.0009368875322569699
196,0.0017672315138500148,0.003235630492070754,0.0017381822038372498,0.0007526473561352458
197,0.003332005851434964,0.0034624847639939714,0.0011301970075823363,0.0016837365143811574
198,0.0018103902981331306,0.0016063926516676477,0.0011932940078642007,0.00025084390172481103
199,0.0038273761939049463,0.00257451246455525,0.0014480484746122822,0.0011395441544818255
200,0.0039024989774654943,0.002011934636742592,0.0011129203912004224,0.0019066396383993047
201,0.004040942822346526,0.003271875110553565,0.003260577761153117,0.0016415112649582999
202,0.0054480516607783155,0.003814713766892358,0.002965569740699591,0.001054401907288664
203,0.003752092827621583,0.0019165113865666251,0.0031183187770232185,0.002074363236403857
204,0.003044926785567102,0.002726775764117796,0.0013650729167110221,0.00041477608233924496
205,0.0053438743349719375,0.0029980186210966588,0.0016603163228119393,0.001298070197922256
206,0.005051479676175629,0.002128065373533458,0.0009624008541416056,0.0007268041529182136
207,0.005295823477754197,0.0030561680340220844,0.0013165226532494368,0.0005004517133889358
208,0.00235626147173946,0.0006919410924400105,0.0015794269835086184,0.002129917355516845
209,0.0039500826215012885,0.002725381323603478,0.0022838992807415943,0.0005292221701876008
210,0.0023705302088187995,0.000715016001465385,0.0015799748575690761,0.0005973848737792249
211,0.00012469665782698284,0.0014182342717979366,0.0015227296910948849,0.00032330242629049555
212,0.0016623763872645409,0.004220467696765289,0.0006145445065077654,0.0006401966611689788
213,0.0002467164018767445,0.00253555074193341,0.0011147473684211407,0.0007576928930695965
214,0.005633253428607795,0.002442685165434841,0.0014382568401222103,0.0007930295665922965
215,0.0023081828875410933,0.003175799262631486,0.0025629052957995145,0.0012900090639637069
216,0.0031686023331640983,0.0030565512436493292,0.0038992635159736445,0.0008345522303505753
217,0.0024463436423628445,0.0019117689153132955,0.0021722447893523424,0.0014154080539485105
218,0.0024537819593996374,0.0019097184268611397,0.0013125703180722015,0.0004827815564687378
219,0.001120542901143179,0.0034204021474689922,0.0029583709501121904,0.0004570332731089987
220,0.0037785795363297885,0.0021738441466700813,0.0005017353478204139,0.000752278842303445
221,0.0008441662289185074,0.0030218531274070967,0.0020183456890164493,5.7874845869791144e-05
222,0.0013563625732257443,0.0029013898220237627,0.003715634291871157,0.001427745072993175
223,0.0019765946030162605,0.0012577401586052804,0.002906857002965977,0.0009140872370652878
224,0.0023301893762769197,0.0036521189479670566,0.0001687595307425225,0.0011533805720168845
225,0.0010728227807891072,0.0023609062555445125,0.0015894968076076055,0.0002491650849613926
226,0.0019998497037547465,0.0016634161118797648,0.00271657744850929,0.000735619522349512
227,0.0012335204830194453,0.0029175450230688703,0.0018556907526692023,0.00027479870047951785
228,0.002719104819905,0.0022632831118663444,0.0017609350640235884,0.0009761222719090964
229,0.002283442464734256,0.0028671657628978704,0.0017743295067134447,0.001026257888016845
230,0.003240482690545557,0.003890187159884344,0.002356183511322824,0.00019704246879806062
231,0.005698175910392803,0.000839944076519596,0.0016623910906013691,0.0017085414916374105
232,0.00408270014813463,0.0030858521152736995,0.0009823839256407616,0.0012254132242695826
233,0.0019329985858004346,0.002995258047935382,0.002901958200372336,0.002144515350179663
234,0.003587294904746536,0.0017899788606203827,0.004453836559652686,0.0009643204674131128
235,0.0022952842286033497,0.002425939297341955,0.0021767878357963973,0.0008361861877222949
236,0.004037147162564616,0.0021059525552384393,0.0017523472761372797,0.0003998173804803891
237,0.004555992075680775,0.0020710723410423694,0.004149782651906867,0.0011475497581209559
238,0.0015727396893547075,0.0011628859025089823,0.0007012193825851047,0.0017162075538786463
239,0.0042011287701896214,0.002396946084712473,0.000612643511637158,0.0005159903198060216
240,0.0041341488029271786,0.003739516487618114,0.0003226799126138895,0.0003122462095276926
241,0.002565362485392158,0.0015547210763139658,0.0012996331721647177,0.0004082971822635295
242,0.002826593175192076,0.0031173895274360227,0.0013358218721222306,0.0019504717551692846
243,0.004452391568612372,0.0004701677641882308,0.000922173633786471,0.00024739336733444937
244,0.003562548791944616,0.002675165244063285,0.0017097844163148407,0.0034052591071454443
245,0.004560782992030292,0.0036302412466394686,0.003703250376548747,0.0006884282404962121
246,0.003063533684542494,0.0026030198169421674,0.0013226871537840306,0.0004980611190722628
247,0.0005126255017296795,0.001187058651479637,0.0011801023240754186,0.0006612345943006193
248,0.003681195206061596,0.003914165471954163,0.0008529606333695001,0.0008320694874279085
249,0.004194409571157756,0.002589978490830254,0.0005600930421253392,0.0012419952219008068
250,0.0026610086876194135,0.002673782150495906,0.0011443430543113503,0.0008401124933881904
251,0.0029660441193030793,0.000988673167770352,0.0021826749300679618,0.0008689063189105204
252,0.003766421953132716,0.0007275956059772704,0.0012794551358490745,0.0016400924450011704
253,0.0022671987508530752,0.0024252425822052764,0.0023596701998920317,0.0012548450240953126
254,0.003469844677791651,0.0031615785955466675,0.0022672116478115985,0.0015421088617845293
255,0.001984770113312196,0.0014067852880169174,0.0008002783039080515,0.0013426139147265502
256,0.0030880748675079094,0.0021052050944274773,0.0032431336448315536,0.0005744946833343877
257,0.0024378445570964868,0.0017626517983726276,0.001914927614555706,0.0013764168453572643
258,0.004062093671073826,0.0019933266766262625,0.003648342042128208,0.0010163428396480982
259,0.0027429271352862198,0.0004875855760155118,0.0022048286327205815,0.0017821010362380721
260,0.004742458088626723,0.003276903052015874,0.00341975990303832,0.0010814453004456329
261,0.005520448972354733,0.0019566458774597315,0.0009762163003204547,0.001427016545028613
262,0.002877141663009451,0.0016927593545272871,0.0006505011394841177,0.001110599029607819
263,0.0025193498921739746,0.0010622995333188765,0.0036482893702616294,0.0006240725832056663
264,0.0017064418178030093,0.002640683215836597,0.0021341470970696625,0.0004976636012896298
265,0.003427866038384339,0.0038495526794722987,0.0017269584319686915,0.001288475985105605
266,0.002047477435376086,0.003307064943984419,0.0007367560946263968,0.0012832778051898267
267,0.002222768355252497,0.0009947397319276152,0.0024050192247316495,0.0009182985257684177
268,0.0019893519563467794,0.003058657074205492,0.001258981204172202,0.0010364172779447128
269,0.0020274432432642146,0.000761239138739118,0.001754986501146684,0.0007473908116258571
270,0.00025238177000589236,0.003304768979003224,0.0025053688845822954,0.0009285955354808479
271,0.0037121945012933907,0.0029381722967126945,0.0008980978530410048,0.00038033035974709405
272,0.0028543570735751014,0.0028255866536789458,0.004593490329434669,0.0010185143522811692
273,0.002353665229249724,0.0020177557945748686,0.002046164393830464,0.0009109855827971695
274,0.002454896478016378,0.002624217504333788,0.0015978166115062087,0.00017169854567777211
275,0.0036683973895590607,0.003407633669812608,0.0018774697235588009,0.000511477145546401
276,0.0005301776374933288,0.0036819878080762065,0.0004281442161832445,0.0009255431333913538
277,0.003595873577957947,0.002073580916007072,0.0019241354910570765,0.002105715450795254
278,0.004383161107330626,0.0036122849113872516,0.0012818296379396845,0.00013109648323132248
279,0.00032158725779114425,0.002002664731039246,0.002180705385763051,0.00234893857203183
280,0.003447059733909508,0.0010366090374440277,0.002492569204322422,0.0008996023955495547
281,0.0027518142630856826,0.0028000673421760716,0.00011512776624229539,0.00025292314079571114
282,0.0023142143858598057,0.0030344789487179707,0.002693722969214664,0.0008023253593334609
283,0.0035435633515768688,0.002084081184371185,0.0003783814068963015,0.0008226409688102574
284,0.0018943041169312083,0.004828702736100258,0.002719294608763978,0.001254678777557996
285,0.0028001447746328,0.0022317424707222256,0.0004043091879505798,0.0013896047325139935
286,0.002427713943468912,0.0027517111629940037,0.0009601789564120493,0.0014876609886700556
287,0.0034844710273582986,0.0032058293224430296,0.001917390444331426,0.0013263493920834795
288,0.0021622415503124576,0.002625476374114607,0.0026619481672987945,0.0010592055866725473
289,0.0026423983592716105,0.0028839146495687196,0.0003061067837635584,0.0008449991075621718
290,0.003418086891648709,0.0027056963416804184,0.0009267960275594983,0.0010545348814582094
291,0.0021188698479227804,0.002567351143806042,0.0028741248747287725,0.0003670239828659691
292,0.004220326325324152,0.003264124260544875,0.00047353199704909315,0.0018715112197264273
293,0.002298072904567721,0.002846864312908686,0.0014235776883939452,0.0009427913965523566
294,0.0018343046076807837,0.0013418659843062778,0.001280318815347633,0.0017580874131075974
295,0.004226399343593617,0.002090468831874463,0.0007860559849488771,0.002770493076986991
296,0.004275636716185155,0.0031188967279489788,0.000844191422746504,0.0006936544351161184
297,0.0019944368737086246,0.0015964637765031337,0.0019119146481057635,0.001146813690738534
298,0.0035446395535186958,0.001561295093878618,0.0013530340539198282,0.0005985690369768808
299,0.004094256039865444,0.0027044053329252442,0.0011825520255840695,0.0010909894935452844
300,0.002320884483743396,0.0020108068539316623,0.001274149060459715,0.000755169770890411
301,0.002903931935175396,0.0015690309083278408,0.002234804556200552,0.00066418743257094
302,0.000237857858915251,0.001123565741720497,0.0008138888110160441,0.0005640194515839983
303,0.003574174810097192,0.0010500232811786632,0.0018540633697856008,0.0008054882803636735
304,0.0015413953501862356,0.0015442456559379958,0.0005135274288332319,0.00020072523533928353
305,0.0011485854942446944,0.0011684005323868252,0.0011701035601179184,0.0003327220439303
306,0.0016523157955035577,0.0024970946085299418,0.0022069751486616727,0.00028403189308092157
307,0.0033483006691891956,0.0033915248559944267,0.0005951487758560328,0.0009040131933853966
308,0.0025668812219561033,0.001726067730114947,0.0021437080047834534,0.0019971264349372877
309,0.00044585742288111784,0.0008801005501064403,0.0010031021505855,0.0007412824169598294
310,0.001814750799703625,0.002145454019100935,0.0020214651168159498,0.0013737610439644573
311,0.0023584932139686376,0.003043243668470847,0.0025623160629644863,0.0010050367384239669
312,0.000855546182239343,0.0021628577191472906,0.0021438626033108087,0.0013358586753881186
313,0.0033653775146827106,0.00383174735857465,0.0025468733918839487,0.0011618048323784002
314,0.0022875839059617246,0.0012951031258458183,0.0007784528712985678,0.0010801278452150958
315,0.0028106948060076225,0.0017435228794595158,0.0010984305893496922,0.001497154621764524
316,0.0032771382073858825,0.0024309546930407194,0.0013310768211623573,0.0007342336292391933
317,0.0007035280835423549,0.002939906057515823,0.0024814773451761712,0.0006197835581091571
318,0.0025274171863283864,0.003466530593639051,0.0007712157061583563,0.00046943068506461036
319,0.0020937244800862086,0.0022603652477530497,0.0037443050739814805,0.0005448510260577538
320,0.0043661895352772526,0.0028574579705504125,0.0001671533010887354,0.00023846888748322984
321,0.0014815865973018,0.0016950791053704844,0.0009681691443232003,0.0009613090527190011
322,0.0032019851955553597,0.002113720154253574,0.002183529536721101,0.0012210814644760444
323,0.0044236621383549925,0.0027671576782350386,0.0008140763565195752,0.001062073761924343
324,0.0018727597582695239,0.003553513671959144,0.0032171568730900964,0.0003130989698412039
325,0.002410365372459977,0.003101996457601685,0.0017169273777694642,0.0005306833830166514
326,0.003987820916429049,0.0020198196513542713,0.001961322055947576,0.000757106388975538
327,0.0034801650917035565,0.0018210545795589305,0.0008618875002923773,0.001052473108181428
328,0.0022772835349557713,0.0025872370061650785,0.00030699637701626063,0.000791198304970861
329,0.004045407146090988,0.0017240964204380468,0.0024252318575773806,0.0006972364614447996
330,0.0033933312789457496,0.003907362379297566,0.0009374385846500154,0.0012778021933193362
331,0.003168432536395638,0.0041602741953314605,0.0012996609782689513,0.0009638663111475344
332,0.001720339425441957,0.0010509207906752517,0.001385581538591538,0.0009500506434241087
333,0.0014763783432099158,0.0012506323442585579,0.0015488470518725036,0.0016479374255617574
334,0.002629467976453515,0.001078228934737437,0.0012812165912467522,0.001451364364060512
335,0.0024500962750714605,0.0030341117786573026,0.0003918487214026885,0.0008457847605525767
336,0.002031699133427031,0.00215725204642816,0.00040872218281646686,0.0007229163789887097
337,0.0014940741474760587,0.003501974270996076,0.0019284668500026067,0.0008167171355805152
338,0.0023795962572959227,0.0008822682578777859,0.00185123108522346,0.0010945449391216219
339,0.002007845567834041,0.0023170679309728634,0.001129786810787978,0.0006742004225180573
340,0.0033757203066076278,0.002034795076590278,0.0008033880424870561,0.002931773444239183
341,0.0008326729054214089,0.000985607235702766,0.0018031383885880959,0.0006984663076798344
342,0.003571566820944538,0.0031616662549995493,0.0006206974745772728,0.0017449308631993907
343,0.003793851569772015,0.0017563323253438374,0.00031916473198856095,0.0011413162530397093
344,0.001327710081406529,0.0010152106480674683,0.001779028763583292,0.0009215358499613651
345,0.0006840273650169123,0.002203270116659075,0.0022852411433760267,0.0014155685097101964
346,0.003514810157601557,0.0028744325086061673,0.0022003022177233783,0.0011770362037859577
347,0.004467376701818809,0.0028607757171724047,0.0011028946161471844,0.0001249948680856675
348,0.004151761972245542,0.0009212660104833064,0.0010411973018977893,0.001169486481860543
349,0.004448512139406319,0.0025109752957050363,0.002946365275253853,0.0004152025931135885
350,0.004265928657405372,0.0020511283131126492,0.0027278588734010716,0.000565823688175775
351,0.0004935917523464457,0.0023375688519625655,0.0013563125924667533,0.001075937125924661
352,0.0018373919639447771,0.00191984044283572,0.0027822239679952017,0.0013980105043703518
353,0.002555714166206222,0.0012673560834723836,0.0017813051568095436,0.0002791791273924089
354,0.0027120592296199404,0.0006267945132794504,0.0004459203413301623,0.001444639455942964
355,0.001610334292215531,0.0013437551226099503,0.0004902987585362208,0.0009822981178169664
356,0.0025682872238897516,0.0017482144633098702,0.0030130859095264194,0.0007003502515991961
357,0.00296821666880971,0.0023087716202374164,0.003678871220570484,0.0006086028729070413
358,0.0017410563693612384,0.001183231981508288,0.00258352955682562,0.0013224387002932706
359,0.0007944016989705297,0.0030174832755113156,0.0037545527349670802,0.0009315186102499415
360,0.0026669884383644094,0.0024703476839027464,0.0006364057104595411,0.0004074541727466511
361,0.000817354706505406,0.002377088079464592,0.0011428193444131631,0.0015765469162970901
362,0.0022324323470072726,0.0029250455698085825,0.00245723769664479,0.0007950762817978351
363,0.0024580128579645717,0.0028865659674658195,0.0026237916090809813,0.0006516966798836014
364,0.0023109050995299466,0.0033478007883591234,0.000432195250263398,0.0014874001556875124
365,0.003238630951765184,0.002030388046957829,0.0039233525554152986,0.0009819534073916448
366,0.0030963856741900745,0.0029416022464733753,0.0015460240826147848,0.002807321339868055
367,0.0017373619337332589,0.00209331717032424,0.0007473208882145688,0.0010097806019554636
368,0.0035608986277370644,0.0025687754606703514,0.0011955643196040443,0.00027339220445521346
369,0.0032695499522918067,0.0021218932281492284,0.0022772750430776535,0.0012495178294900352
370,0.004003873543798191,0.001457615411452129,0.0023036912392014326,0.0022541263373237015
371,0.002787513550219396,0.002165229373025889,0.0025750067991143835,0.0008714107720882936
372,0.001707805598101613,0.0024853027556041318,0.0019071530151592996,0.0004967555842991161
373,0.0009131635987707069,0.002973780254873542,0.00163575306465007,0.0009575274079375216
374,0.004774200031196047,0.0018070318245429597,0.0010929569200127734,8.829495085196218e-05
375,0.0038003430857068013,0.002832560498815256,0.0016769485699735292,0.0014501989877970499
376,0.001362646687487458,0.001184603150904629,0.0012740489861899245,0.0010524449213599005
377,0.003758025828093231,0.003470621409151873,0.00042718907788999834,0.0006831080767917374
378,0.0009926059181297802,0.002462719361237047,0.0012096735573955033,0.0019433163343172335
379,0.0022584776908458003,0.0028026620660961394,0.0013165696439723844,0.0008052400354451321
380,0.002470763263095162,0.0018632575365135767,0.0006292897714163716,0.001687762733590817
381,0.003081287416373056,0.0018118940511351643,0.001061417041069011,1.6313891155594974e-05
382,0.00255181509824689,0.001748899160034648,0.0022576282606280025,0.0008571811450591325
383,0.004447518380517899,0.0022900727927927657,0.0024322090576364202,0.001200167081313227
384,0.0014536967445958487,0.0021476032458916812,0.0026023301799079092,0.0015444817860154193
385,0.0017145237260559444,0.0031947623551791776,0.0035396315267656343,0.0006636344007296103
386,0.002845934697005615,0.003645753075971959,0.0018297755062204194,0.0004247648855003619
387,0.002708073307297102,0.0014677118899686266,0.002156317509829621,0.0007742627981015726
388,0.002268700656264735,0.002770515141837869,0.00036376546364097267,0.0012879522520563374
389,0.0037909720383009606,0.0015287237180193246,0.0011814266527892538,0.0011214563401935136
390,0.0015448984139254046,0.0027747689505987364,0.0031590510895787905,0.000619719369777376
391,0.0012393753015140269,0.0003504879122385204,0.0014557707839750736,0.002313015902329514
392,0.0015977257558852818,0.0022215581502766347,0.0010554122215591787,0.00031588630925151576
393,0.001976489648720637,0.0022413271733774612,0.0019533772397755983,0.001692046967125214
394,0.00256591052701886,0.0014662951568433795,0.000977264233972353,0.0011889197655245395
395,0.004132280301269181,0.003224138214893195,0.0008185212752702397,0.0014362363136571018
396,0.004030787226158474,0.0024252957217245196,0.0026174911802573217,0.0015214329303085466
397,0.003602073822938566,0.003920289567074611,0.0018154481599750847,0.0007864740673658023
398,0.004156115376543099,0.001895116878597648,0.0020985775939434564,0.0005665017494958456
399,0.004579403730475256,0.0015369786073324728,0.0011325926564208749,0.0008536241580936583
400,0.004345160056157672,0.0018959651219391611,0.0008378435883538305,0.0015012114367923932
401,0.0027672289036957563,0.0027393191683965524,0.0019335918242306621,0.0009440995051230443
402,0.00459550339139237,0.0009532017955415346,0.0006778340812653807,0.000976741158136222
403,0.003904864935726459,0.0006603600094379863,0.0022963739825824668,0.0009741769951372973
404,0.0029712232035373695,0.003562005266990838,0.0014667749729943811,0.0006351247441572725
405,0.0029335002686283335,0.0029943815363313205,0.0013398195787952586,0.0012993197077939484
406,0.0030049734670327738,0.002441680017041273,0.0009748062556868341,0.0010916619251145063
407,0.0007377807122060284,0.0016134202047997184,0.0026119080173634297,0.0018180179678152126
408,0.0027735097154772976,0.002482434542704656,0.001029043271154531,0.0014143488045433316
409,0.0029203242680120663,0.002736461328193022,0.00292654478196654,0.002311405086611194
410,0.002798000544548809,0.0017300660837276027,0.0021041989954686357,0.0009485122920586146
411,0.0060746336015757236,0.0025402265079356753,0.0012466114383092545,0.0014381199465900187
412,0.0023173599875454987,0.0031244387501557207,0.0005228347418549491,0.0009718545214348574
413,0.0029837852198974415,0.0019218286176632474,0.001661916996420649,0.0014142489524423274
414,0.002153045307624396,0.002858303237384877,0.0026293633696139905,0.0004610344885343143
415,0.0012583527834655322,0.002912515902768124,0.003113047403315725,0.0015101095927501297
416,0.000631886504304203,0.0034603451542695347,0.000870126573692206,0.0002562286112670624
417,0.0036540075753347043,0.0012114194564076303,0.002643385715812058,0.0002138988070890764
418,0.0018586995745849362,0.0027515396474216127,0.001608610290269819,0.00024281689559269888
419,0.0027483011361490745,0.0028602008944447308,0.0025326129733426106,0.00084515658351331
420,0.002663929940318398,0.0021635721040929386,0.0008696918389326258,0.0010982129776796604
421,0.002517072525972809,0.003174382605851461,0.0013956603832023645,0.0008281151100915735
422,0.0037476375182396203,0.0004028537702763621,0.0010836366834147068,0.0005825454714395294
423,0.003436497530597369,0.0018632069616336202,0.0010883116270986157,0.000736230049676677
424,0.0023935911841511896,0.0019530773753240187,0.0007150023430610521,0.0007984758313081249
425,0.0037380552605938105,0.0022884713893425008,0.00022267697771989373,0.0008987404255881735
426,0.0016961615413284153,0.0014065121749195447,0.0006524487979181798,0.0017829369502903492
427,0.002328478391335843,0.0030340951803288253,0.0011661849084747848,0.0004389057235156759
428,0.0040010470766268895,0.0010685272050930245,0.0010903269766931944,0.00029261991808645965
429,0.0036852987248196345,0.0021225269524067667,0.0007133943972175783,0.0016055114039039784
430,0.0037235761370238924,0.0028913049247459685,0.0015018589798269297,0.0022581233310195103
431,0.0013149145830847397,0.0037151953212158765,0.0012056891220168188,0.001758151020179611
432,0.003672564658707433,0.002771056191409804,0.0021475125696056832,0.0015819476140906425
433,0.002894847073026445,0.002080174781924099,0.0027583187976494574,0.0007504511873550475
434,0.0013613175666068317,0.0037269161234907444,0.004231450787354131,0.0005508318453970361
435,0.0009928941819412572,0.0012393429803309929,0.0019461499252895428,0.001053472178858359
436,0.0011024227866351967,0.0018836725928833673,0.00178640986187986,0.0012711207025861212
437,0.004155196458050531,0.0028009596319652497,0.0012682849333811898,0.0007164609439279873
438,0.0035680574674074924,0.0019607359262117964,0.0005293935760807512,0.0005476091763643186
439,0.005643356065436512,0.0028900197153519276,0.0014720525050213168,0.0011692706604049146
440,0.0007515458584416945,0.0029422009358518685,0.0011085381515498578,0.0015651952050916669
441,0.0007190404045132345,0.0024031468601270877,0.0019815345155101984,0.00012915998540569823
442,0.0024659845197393263,0.0009662400701664732,0.0014999406567599294,0.0017604350828878844
443,0.0015838938343336164,0.0031192016104263087,0.0009578491575627735,0.0008333362311989407
444,0.0026168411261401794,0.003077525344582876,0.0041022789136636205,0.0006390200056855743
445,0.0028494297146234803,0.0033722503971028044,0.001906213230311055,0.0005135822225034894
446,0.004061299364140679,0.002076441010038436,0.0007269057868548684,0.0010911391997680442
447,0.0033758011213977732,0.0018186966712260466,0.000613977364376852,0.0006434960088995398
448,0.003352873905990507,0.002250917985663948,0.001584279913694294,0.000909941360811614
449,0.0034728274459859794,0.002115498344242538,0.0006573932377193447,0.0011345387355096333
450,0.002053217863897821,0.0009388946767824253,0.0021002353366878566,0.0011917365592945077
451,0.003318059424126034,0.0021868005332662515,0.002038550496460555,0.001431245945247705
452,0.002399928091608743,0.0024462523889822244,0.0026596846658893765,0.00024495773028752665
453,0.0026575555286000555,0.003467503205953651,0.0009318113429442861,0.0009836490264879553
454,0.0006446280755293726,0.0029491597725906965,0.002818163046232003,0.000522625257094129
455,0.002483653294953033,0.003610011674026547,0.002627722951090131,0.0010449508628213886
456,0.00349563758590773,0.0019937319384246022,0.0025700542269193605,0.0009821222379645465
457,0.002692070982918701,0.002495810701664002,0.0009302382496831411,0.001237081271460016
458,0.0021555244060860335,0.002464093870382198,0.0011037771345340076,0.00045089734615510714
459,0.003875443281250956,0.004339262362946651,0.001132564583817563,0.0013083298615817038
460,0.001902890778656338,0.0019155096190123224,0.001321509076399975,0.0013370256636554838
461,0.0006510836717081758,0.0008449114590000792,0.002561183222072118,0.0017184657911186573
462,0.004050082955112977,0.0017343798187776265,0.0013464139796352784,0.0026507950881686365
463,0.0021808451862414097,0.0038800785005489316,0.0002614823627620514,0.0012597316760429532
464,0.004433459447528239,0.0028072825113929834,0.0013234844706191881,0.00038908882553290733
465,0.0026317366159824152,0.0035713601366270734,0.0011333219557811169,0.0012942643195693034
466,0.0034207546502864113,0.0028772501243545462,0.0013089602810340169,0.0009214282046154271
467,0.0033476535906437513,0.0033758120786406224,0.0005361853091518295,0.0007844497078722265
468,0.002957153246153629,0.002254210194368986,0.0010478425727805062,0.0014701998238929623
469,0.002795606350779114,0.0034185226445405392,0.0005664276459194243,0.0008982727480965455
470,0.0031216903452066956,0.0010523546320878158,0.0018836196643892214,0.000984341599740492
471,0.0030593643027257136,0.0015876566270957245,0.001451464785855828,0.0013778689259978855
472,0.0010342825999260273,0.0012049524575560664,0.0021714733502362802,0.0005092037597142976
473,0.0036424079008458565,0.004150828296739565,0.00345843832867004,0.0004608779088876746
474,0.0025660918439051553,0.0026598659690944167,0.0021421165207494114,0.0006537575881229026
475,0.004901043070899211,0.0011143482628146373,0.0005012404078629043,0.000736738968380449
476,0.0024970108599805738,0.002505826590980674,0.0017653907849768892,0.0015429418294684158
477,0.0013118946294412225,0.0012779176547573553,0.0008299648037967353,0.0003219238303067243
478,0.003471191906709187,0.00134824123860302,0.0027074259007914634,0.0005112149872919142
479,0.00031256258715914537,0.0014927074475679998,0.002667899732645688,0.0007361847609898242
480,0.003886051297726819,0.0027248806165632543,0.0014953769992608057,0.001335814752835356
481,0.0017873700003000665,0.001381590734749539,0.002121299543115295,0.0012211691769402427
482,0.0032984371064304838,0.0015005418328843988,0.0020149859999523925,0.0006080379474613973
483,0.002470892429916658,0.003345105228031102,0.001932710422826429,0.00048798621167055217
484,0.001098845915222718,0.002947558251162125,0.0026078152768111706,0.001238755206809463
485,0.0014652780161234693,0.0027377474795416616,0.000490970317196761,0.0009077286960525029
486,0.0020490336253273546,0.0023055153379138303,0.0015680602825771804,0.0009003306284404501
487,0.0029659073563992468,0.0019053955274440804,0.0013603775581330496,0.001140527876878054
488,0.0025892110523691447,0.002004082968829447,0.0017555285736054879,0.0018758815099289877
489,0.0009034047120501181,0.0020689408632846963,0.0012951865165857165,0.002565786569467226
490,0.0023720394761543033,0.004436448849778393,0.0018288176807706006,0.0008221961262464344
491,0.003860736097252878,0.0009001907103548439,0.001653181097442554,0.0014925682304374552
492,0.0022407627716802786,0.0017075082454941827,0.0027935797426343625,0.0007625822942830201
493,0.003961036762804185,0.0008568695274725237,0.002753524704567901,6.69288839981666e-05
494,0.0001367517587905814,0.0022851759853549643,0.0020468283564736007,0.0003531384284602841
495,0.004567703445432974,0.001662132994214088,0.0008968654600171298,0.002171133763291033
496,0.0020053070945993583,0.0018165453303345886,0.0008787250143061746,0.0004876759809882376
497,0.003623028197721574,0.003716927766311761,0.003346415438715592,0.0025330223160210767
498,0.002448093794339312,0.0029891109614207227,0.0012248309612197844,0.0009612122014473652
499,0.003456488224566823,0.0019722784470841644,0.0017764075262506334,0.0010005031521874784
500,0.0016181163052499431,0.0020215788007605126,0.0018199888096259598,0.0009507044851340346
501,0.0021696965063256165,0.0009446299944799387,0.00224501710705813,0.0007605926267553391
502,0.001426013917931448,0.0025365974712165595,0.0026232251216125246,0.0011433519628280605
503,0.0012876334176922175,0.002223476893507283,0.0013957700863630267,0.0007350289226771814
504,0.0012612186699362774,0.002686703386471937,0.0018773794782213603,0.0009898686113219896
505,0.0021392519618044035,0.002671057827120035,0.0025521648775133376,0.0006722564324762217
506,0.0019649515352972253,0.00243803623107022,0.0008852285226199528,0.001059247430373911
507,0.0025190959454706344,0.002884797957835968,0.0029377133661044157,0.0019104749399142915
508,0.0031004675687294875,0.003133413389493675,0.002701639296455071,0.0002689366608382112
509,0.005343807589957672,0.0020970375158166437,0.002072921409165686,0.0013487151557272454
510,0.002519385826703396,0.0018923289757986534,0.0013265942302035677,0.0027262542510250606
511,0.0014343668695742649,0.0025188092514963558,0.0016642241655872789,0.0003523016510055986
512,0.004633691785553642,0.0013482238694156592,0.0009006017338552844,0.0007469066013256975
513,0.002894692519930111,0.002923598854914026,0.0016886656938321705,0.0009462786218664052
514,0.0012354792678969887,0.0011191560685051996,0.0014672691944491287,0.0001608968170117069
515,0.0026254353686607002,0.0010912017139097353,0.0006985284359889885,0.00216428554262144
516,0.002806390877585359,0.00195680483019589,0.0006034560758493598,0.0013895167454383921
517,0.0025244837789259924,0.0005293120613412148,0.0020556827978430803,0.0008855152602304771
518,0.0009684471924361962,0.0019204429538830722,0.0020905672064594288,0.00165559300084021
519,0.002651674561491145,0.0026916645969934246,0.0018086958312041443,0.0013453508631608522
520,0.002909416597961251,0.0030453768001056526,0.002501241332849777,0.0008052204943461268
521,0.00526307433693371,0.0015302868423891173,0.00015289811677548335,0.0015462821645006555
522,0.0031592129854457213,0.004739133588949358,0.001443757146739784,0.0005333271824499479
523,0.0023750260424709444,0.0014247064344014393,0.0009936434145514893,0.001071775246641278
524,0.004446910426062554,0.002731223852562636,0.0018083530825030673,0.0008507409856351689
525,0.0017515290841520828,0.003318442946437546,0.0013780178669320206,0.0006649511983826567
526,0.004483868032996367,0.0034333985678260044,0.0008513369275039558,0.000386481118636548
527,0.0053066961922604875,0.004745717709232929,0.0007796292440129582,0.0012321398896921968
528,0.0036744515033660208,0.0010156814003176122,0.0017881862428826712,0.0022946983765663362
529,0.00475116060553918,0.0008319880556243281,0.0025284755497612843,0.00034238018335695043
530,0.004380334653628165,0.0020150253231297033,0.0024083770428607277,0.0008550482901869401
531,0.0038433582903801217,0.0011818567207580212,0.00039336306684768595,0.0017120030143881306
532,0.011599113739462229,0.00275367223559605,0.002326516097488262,0.0018496752590129628
533,0.015253161658604181,0.003073691388555935,0.0018888124879754297,0.0012055561044983481
534,0.013828112556279163,0.0018119780737276905,0.0011070272657157368,0.0012530917904376901
535,0.01481610552881216,0.0029528079070864615,0.001920090588789265,0.001462066136192108
536,0.01265680596341249,0.0038953519790175515,0.00042384417277000576,0.0011662806440477518
537,0.013884683375054042,0.0027667864236647684,0.0009905610840590664,0.0019034337431254997
538,0.013794215783359333,0.003982376604710145,0.0008518124246625555,0.0016315123545223818
539,0.01676673386236859,0.0026192041936032276,0.001845826810411878,0.0018026498497120966
540,0.016958190897940314,0.004082497510186218,0.0011591739732797945,0.001107339126875632
541,0.013865102513493974,0.003935933122400092,0.001486497692094202,0.0015325598120912787
542,0.0167533982820886,0.0025265949878910984,0.0006354564518599908,0.00045381637545884826
543,0.018469215033593302,0.001986376480335665,0.0015234411074072079,0.00031934385623773906
544,0.019192410266673017,0.0024179423827011817,0.0016253396873683727,0.001240448778940348
545,0.019944250516751357,0.0032059567745695537,0.0008472509877085609,0.0021869774969064293
546,0.02229197745531196,0.0019295407801553006,0.0014628328751512944,0.002293943236194341
547,0.01964350863330662,0.0025707987566888258,0.00227596185724433,0.0021085700239728946
548,0.018711855110701878,0.0030093105849685058,0.002701571165219513,0.0011975777889424132
549,0.02096069755550549,0.0014573693838644626,0.000948867303508273,0.0011585829915143695
550,0.02197459996222126,0.0032705812012643644,0.00038085129708577826,0.0020178452546332575
551,0.021774657830195904,0.003209102678357166,0.002856066469344838,0.001916671181386097
552,0.022294129201040513,0.0028126254119102247,0.0007296846863582451,0.0009524596053999534
553,0.022925535100501562,0.003317968684094082,0.000278605105783741,0.0023114287272771234
554,0.023632912037904685,0.0019537073193678324,0.0018666085068277463,0.002244653950041866
555,0.024393901451620275,0.0020762076907730985,0.0014618669378698842,0.0021955961018268804
556,0.023422655462377796,0.000696182358439431,0.0008383988468044411,0.002102405163902568
557,0.025339662708160474,0.0028318984376606714,0.0019481736267422198,0.0024108303611486185
558,0.02446213580144138,0.002366415567809893,0.0025827391918203275,0.0018198807701759378
559,0.021103006601193415,0.003167373690912507,0.0013390830294313985,0.0014179250627863044
560,0.022976030183003184,0.002871020091756068,0.0020326178455988115,0.0035847700073363465
561,0.019886399970704294,0.0006076129186384338,0.001957379778330478,0.0019593636792498716
562,0.02573428119520208,0.0027341917138960416,0.0006043304917806359,0.0025365553970012862
563,0.025873213689760696,0.004149943439967702,0.0010080439341003777,0.0007953257334329356
564,0.022891702441717458,0.001691583967329128,0.0028368826642300796,0.0015124149107040247
565,0.024048358479681283,0.0038074969665315306,0.00033568616376572014,0.001926221355947822
566,0.025631266106066905,0.0034678262342990917,0.0005431583658440313,0.0022444801334512675
567,0.02720242795642971,0.0016142331133549648,0.0008591752380233876,0.0007168801297644107
568,0.025106282348904843,0.0008661043974337401,0.0011157269475889375,0.0015992553864509725
569,0.026826180509954056,0.002578222900715357,3.8951483997370706e-05,0.002831817738254975
570,0.027822263795934794,0.004001436287512273,0.0031158960558937123,0.0017111184372640296
571,0.0283305560612767,0.0022662340054652695,0.0013726084062667737,0.0014291712926192196
572,0.027481446877554595,0.00282107824178327,0.0012638115270640388,0.0022415436693352204
573,0.02714435442511777,0.0017515088537015861,0.002441883923804289,0.0025750679380618746
574,0.027850111160693608,0.002667319530973236,0.0025831415293553883,0.002314377267627113
575,0.029304122613497324,0.003920956065231134,0.001849660503953121,0.001771704006723218
576,0.029222995689844922,0.003968835507750116,0.0015725117572986125,0.001970706757789686
577,0.026805463664805625,0.0013728925194884396,0.00140249588067142,0.0021722650773965224
578,0.029415222988301088,0.002641043298075407,0.0008617791050354322,0.0014185826588985033
579,0.029042681280483665,0.0034778833277404712,0.0019581205410425305,0.0013207858454244404
580,0.028912671844251017,0.0030041997813060246,0.0016094341354795406,0.0016495685605872968
581,0.02969151634761181,0.0011722366044622063,0.002108829364950615,0.001791063539376803
582,0.028966654983234058,0.001024732370750788,0.002596475566585715,0.0013331705386902771
583,0.02974824270810233,0.00452522525643435,0.001051237659565494,0.002408533621541203
584,0.03256871511650241,0.002143283964422225,0.003390085373666336,0.0033069710073723654
585,0.03019796655298054,0.0010189620970610105,0.0020696759750968466,0.001024064569405666
586,0.02824179326684198,0.0022962001100225405,0.001762993027721433,0.0014057319721777174
587,0.030808469150005416,0.0031555841248433894,0.002014792730306548,0.0016642567173739402
588,0.027823743220958177,0.003945299965778353,0.0015525889086595206,0.0009241034078176173
589,0.029439477409764537,0.00371470041872508,0.002901675971046387,0.0018589277179605155
590,0.02817627602539573,0.003001944655108297,0.0017144095050811434,0.002311399346278627
591,0.031165795126985918,0.002746293863444095,0.0021275098171749836,0.0020589693940474482
592,0.0275065784655283,0.0025089011321869532,0.0018659562198460736,0.0020232142788030073
593,0.03140636487161636,0.0033178805797282537,0.00012857474766540222,0.0036469623803408804
594,0.030272837975415315,0.0022772438376356206,0.0034888487091937342,0.001143137582354626
595,0.030828220318429446,0.0018133648153071784,0.0017347446752679256,0.002545275858784121
596,0.03242320612734681,0.0030877108736705365,0.0020939491337302733,0.0012925569896242248
597,0.031113702935184423,0.0019781060819882216,0.001408039700079995,0.0022343483307637204
598,0.027346873567647118,0.0035363399267320525,0.0009852151104393627,0.0006824979563402947
599,0.030657827897661295,0.004056073819293664,0.002414021698392047,0.0003347024277943172
600,0.029722482431481213,0.0022259532948826232,0.0023907445846226352,0.0024670116099615746
601,0.030676542267310154,0.0026268389475358213,0.0014456558910905637,0.003197258315106117
602,0.030384355867765406,0.0021183184909409256,0.0005542527819970706,0.0027306660069805165
603,0.03578711157868652,0.004462116759982854,0.003201414298537781,0.001444855910146971
604,0.03255212212373772,0.0027366311006686277,0.0008733063704011302,0.0013701876385475002
605,0.034632434892377065,0.0018470406991268778,0.0026582601438993195,0.001656000804932082
606,0.03728676440729586,0.0020839757552079865,0.001554397726362446,0.0022798733185418474
607,0.032782609321200286,0.003214946999114174,0.002434019543414503,0.0015480119233335496
608,0.03439909619700303,0.0028846941746504956,0.00040961943730594684,0.0025952565633304966
609,0.034245025176522254,0.0027040708462258848,0.0035138210729389174,0.0019217571841635924
610,0.03592973821105459,0.0048844455272107215,0.0023521878211737505,0.004212652494324009
611,0.03538275130145017,0.004112728032204758,0.0005157542049108254,0.003388322298662266
612,0.03723374007849326,0.000802487955809517,0.0005604274483898551,0.0022070073790652904
613,0.03473482711729461,0.0018102671716675235,0.0014414891502045142,0.0013076550842030022
614,0.03703078145353816,0.0022464334671203766,0.003364551719889284,0.002181552602298634
615,0.038822589741363475,0.003364152943129493,0.0036678252754468047,0.0031463967934214233
616,0.03690101447969867,0.002544847519749798,0.00217279783152585,0.004421688930340126
617,0.03941526525932965,0.0014053914621642005,0.0013319088917122278,0.003742027649268641
618,0.035177188891305354,0.0013943017703000305,0.000535918958141793,0.00302180964885741
619,0.0349247732844431,0.0031224403571013335,0.0014237109813843454,0.001679065726903063
620,0.03856883470944466,0.004186225188090105,0.0011289437556935374,0.0021968317126146645
621,0.03794916649804205,0.0018947433835933255,0.0010005149094704962,0.0030026519202449448
622,0.03786866499248304,0.004115192688872562,0.0021260114289925196,0.0020940815221300547
623,0.03648632259106684,0.0012954203235261952,0.0010317197564404326,0.003420812915536048
624,0.03993153889700795,0.002479771968453049,0.0011934509649556507,0.003946784379546689
625,0.04184860657477911,0.005430796985620101,0.003952678997523957,0.003082755230253293
626,0.040558430652619215,0.00305124141693512,0.0017426979862136677,0.003762188521708407
627,0.039266469428639754,0.0033112982424621782,0.0031254356330710944,0.002953446998240869
628,0.03694589848153683,0.002410802667002531,0.0019885588937776848,0.002756958032406822
629,0.03849768039189778,0.0016585601443541078,0.0029768539376328184,0.0015751614552695836
630,0.0390802522089586,0.005430805580979357,0.0007148686706217537,0.004482708878590229
631,0.039830243912845564,0.0009534331623533909,0.0004230073759188366,0.001222454178010271
632,0.040704736903002775,0.00245632350028849,0.0009160374331205024,0.0007046458287264049
633,0.03869482741265534,0.0021249764177392024,0.0012943100893328442,0.0031801145267226303
634,0.038337347567058734,0.00482225400114436,0.0013192420848826551,0.00373438197385456
635,0.039721745933742475,0.000474615356784788,0.00175228330644551,0.0018311256059617778
636,0.04097691762894018,0.004266024078016443,0.004227072278018352,0.0040427707745087265
637,0.03917075574398518,0.0027393140085947526,0.0020957514452610904,0.0014692586308671473
638,0.03984388572615018,0.0012202232410823905,0.0013022329114022032,0.002873750937196945
639,0.04119738162415845,0.0018124490578101974,0.0014014835882966397,0.0004351987588594628
640,0.04343255091028053,0.002925212579053972,0.0016641413277050936,0.00206180503385741
641,0.04631922135620788,0.0005984506840990605,0.002373613263176808,0.004631352095899297
642,0.04409791402942498,0.00414707820351369,0.00282364272425152,0.003573420145045734
643,0.0459166098816865,0.004055984498601234,0.001985957914290141,0.003099842771542578
644,0.043994865362492634,0.0031133789928379503,0.0016351319769182496,0.0028083971963983635
645,0.04131119414946736,0.002343621910350247,0.0022514812574691008,0.001453137664046822
646,0.04216518403104083,0.001079950578539059,0.0016099679181851658,0.0021409453551760366
647,0.05120065525730397,0.0024254648529338646,0.00103460809895495,0.005286386763516422
648,0.054446409585646886,0.0019538034032725413,0.0025411503195279022,0.0033556143807606945
649,0.0534491745586107,0.0028684894924239594,0.0005254743832833684,0.004552414247997701
650,0.051621790977419924,0.005272712128491395,0.0011258956991477872,0.004539301654256829
651,0.054170423767698095,0.0014249124594921164,0.0027455694154050396,0.004278608781665873
652,0.05189687182067724,0.0037315106178500163,0.0009017264479182073,0.004874095354690151
653,0.05367546534059782,0.003977807341602076,0.000873161375214533,0.0049884628895644455
654,0.05540065284861201,0.0008403925012284343,0.0016512838764274917,0.002908022773510493
655,0.05254652443966118,0.0016731831737023268,0.0011592192102660964,0.004267751049328131
656,0.055060080514260284,0.0007461296524467398,0.0024976521791823785,0.003994494007519114
657,0.05220932210890016,0.0050070735693427204,0.0024308946650886164,0.0043309983682879765
658,0.05143122052446232,0.0030222677507896643,0.002928741910479878,0.0029030353270662283
659,0.05229535344539368,0.003969582593055302,0.002625571190978934,0.0030046802314957557
660,0.05202603606720668,0.001401436893391265,0.0011015687405691802,0.004770596568089367
661,0.053809487291243456,0.005226620491887253,0.0016838204226733721,0.0043194259291132915
662,0.05233617204118012,0.003784551330448848,0.0019489213870631334,0.003944750513733608
663,0.05360016534708603,0.0042248829247935405,0.0016334832034318224,0.002101922264058753
664,0.054143771832599545,0.0031616388543131285,0.0012486851903411268,0.003947897278231541
665,0.05191604739526243,0.002803508556426214,0.0020725265839826516,0.003219020370087873
666,0.05770522881364663,0.0011243109540425272,0.0021460781480380094,0.0026774245031152342
667,0.049385593262373274,0.0040639773056066406,0.002739295772607992,0.004411270339345574
668,0.054364853028556384,0.004762185777741731,0.0023949371323727323,0.003986930400462964
669,0.05270299910913511,0.002430819387489002,0.000740094424688845,0.0023886814984329756
670,0.05289426268494,0.0024420664002675462,0.0029916045178031555,0.0034309881238762685
671,0.051616835030412235,0.002555709671094399,0.0008768603254361226,0.002285463550181138
672,0.05154815746869347,0.0035833019955724163,0.0007869479170743734,0.003824849921180134
673,0.0506824929703572,0.005450474649829389,0.0022342726934821084,0.0027323477150493127
674,0.05312716922845169,0.0014764206276763224,0.0016292111094277338,0.004129242253145573
675,0.04869774945487381,0.0024533165888848602,0.0012975828118290495,0.004487183871490861
676,0.05227382769620706,0.0017076041996255998,0.001347514709412457,0.0030871514690804743
677,0.051626584015423006,0.0013320510317020263,0.0018495923179540489,0.004074761291933446
678,0.0545898232297925,0.0032932095872845717,0.0007572116598081902,0.003492915791153746
679,0.05393747466873583,0.0035659964732234714,0.0023486261562396873,0.0037834869736786043
680,0.05334427140966733,0.0017711237348503703,0.0027393422088882752,0.005199397429450748
681,0.05196575865295963,0.0008788727707967775,0.001124799454903153,0.0038513420092334038
682,0.05471343128715975,0.00479807601971144,0.0008309517371608996,0.004599549552248265
683,0.05340120387965666,7.674009214607919e-05,0.0017557936545962195,0.004283010457823404
684,0.05193461304979202,0.0038631580918402353,0.0007466113565591676,0.004345452831067505
685,0.056244678367195544,0.003999758990489695,0.0004951641193664166,0.00415352400871962
686,0.05544832507458364,0.003742305905969235,0.001678600331954285,0.0030268010785190085
687,0.05525603971212523,0.004436761019243143,0.0024606219126461983,0.0057935583009486435
688,0.053758343968621794,0.004494885743571102,0.003052842944445171,0.004769090198313685
689,0.05560082642378955,0.004410524090212692,0.0015437846673781056,0.0037019591660463046
690,0.0512452034974876,0.0014791258553107818,0.001555666676364584,0.004457728316441163
691,0.05568649938021946,0.0028612378596084296,0.0020506631343809047,0.004049394250996587
692,0.055631286390519535,0.005843631941104187,0.0038219889422450508,0.005219391598659726
693,0.056806948442169186,0.0019325327146248053,0.0018553701351198921,0.0040124692743996005
694,0.05406225926963951,0.004268346793216662,0.0032194576916338836,0.0030832040121215507
695,0.05570129412369912,0.005894279844549401,0.0028000433020819665,0.003670513176411996
696,0.05528684378334181,0.00615442325008779,0.0011311933070982537,0.0030068257285245583
697,0.06002578100236525,0.0023698519860886965,0.0015188508250368095,0.005511730247252489
698,0.05541103745472001,0.004413993296507602,0.002176829863273883,0.0027214902576952692
699,0.058568216545472576,0.001944190735236503,0.0013899447667619065,0.0039454498674163455
700,0.0635601903434264,0.0032509236947470366,0.0037008599873174005,0.005828793779789537
701,0.07687433037961554,0.005883281171247445,0.0026575498458874074,0.006073733858213921
702,0.14444646593057742,0.007169441423836652,0.004253236765463906,0.011080621099443778
703,0.15075471186756784,0.008282466969942948,0.005549469945578703,0.010554972258995217
704,0.15515162773657287,0.012179527690118973,0.0070085638206230875,0.01205289677554379
705,0.15091199194494703,0.006598984171452083,0.004276373102452661,0.012915133217430827
706,0.1472498597056986,0.0059081267116990474,0.005181853798944663,0.01037604164269152
707,0.15441799434018813,0.012042812110048446,0.007157291032840761,0.012136047367839731
708,0.14562235681782063,0.00671613256304266,0.006488940732659589,0.012380512837059137
709,0.1453653003580496,0.01084595615997082,0.0029145648665876013,0.01254105443153148
710,0.14399033523535515,0.00824955503527284,0.006603910787021389,0.011632689171819527
711,0.1441972955593258,0.00868286716062258,0.004247159016391645,0.011734319479251333
712,0.14905353739458801,0.011860489280019183,0.00638222604579201,0.012505441430431011
713,0.14706125597621186,0.010970916291556132,0.005385502098633794,0.011199949328645958
714,0.146059552772872,0.011718814544274968,0.0036745499222277608,0.012932688121415162
715,0.14823393206227226,0.011364791047551595,0.00452709922326443,0.01165290117904867
716,0.1426695631829306,0.011969865821568544,0.0061626276354419095,0.012702782513379328
717,0.13910601721819849,0.00615713050918804,0.004544750923630355,0.01335661549027263
718,0.1396373998382748,0.00807697974020686,0.0067163500419926015,0.012760784768515812
719,0.14523637300268613,0.012418335414534078,0.005974280881421861,0.011398743549998775
720,0.1379816793710978,0.011698267908042098,0.005909498829577462,0.011394446506733592
721,0.14127722269725201,0.006405407697449354,0.0029499780786815537,0.011330796340089893
722,0.14110512866675426,0.012688583047461177,0.0038297913041630384,0.01122933963265077
723,0.13328999944150327,0.011321581179221586,0.0032897426184179904,0.012070998939667921
724,0.1359926618651564,0.005970770993941086,0.00461724717423741,0.01016832022055713
725,0.1438374595795011,0.011165108531259156,0.00553762199215514,0.01219215052898602
726,0.13834794173457482,0.009725818635759392,0.0043322584462603285,0.012947432101226414
727,0.13848464211517741,0.011408355613675371,0.004733464875445948,0.012131788098019366
728,0.1368260667562313,0.009656768644183519,0.004129792944432194,0.012971431222473285
729,0.13811874665240384,0.009310269878354272,0.007303514210316967,0.012424938504696304
730,0.13969204185649947,0.00830322370078264,0.003200244573985823,0.012028340101107144
731,0.12967166241691633,0.005846613221257252,0.003163749294717533,0.010543734568825727
732,0.13058122213868983,0.009267467701595904,0.0022996544552540098,0.010220802308949136
733,0.12266304606794043,0.01084802354375481,0.004458557845784962,0.00955650433253145
734,0.12607205871735003,0.0063974486707263165,0.0027110673058495464,0.011288034456888207
735,0.12079456874047877,0.009620134536996358,0.0040371450183083945,0.011031876040874238
736,0.11943156827966184,0.009126874512455722,0.0017762029083422345,0.009903843090225883
737,0.1250873961861802,0.007361428068192486,0.004351048557059585,0.011261164158866951
738,0.10625283356391942,0.004761803936503019,0.0024007611990191973,0.009578315955074405
739,0.10935005857956817,0.007024934135923879,0.002313978663181752,0.010010112703072692
740,0.10819649357549713,0.007832590042432126,0.0023354888657791686,0.008608046498369227
741,0.10971677500799944,0.008684868265358657,0.0027369432635708946,0.00955254760558541
742,0.106170861049052,0.008930919587330338,0.0036019712578031736,0.011618935975243813
743,0.1030606064029767,0.00785021660160428,0.004527841940412068,0.0085599614185176
744,0.09584335819099624,0.007216767998068978,0.00117445759917738,0.010568324961213807
745,0.098703581102763,0.008060490091481699,0.0006872143784606443,0.008637329810382907
746,0.10101682891525443,0.004352238404848636,0.0012725908718086167,0.010376939986390395
747,0.09450933056606442,0.006487414570688735,0.0017330008312630416,0.009175122808018361
748,0.09967738050152283,0.005970185303379296,0.003264244593170578,0.006775208954756234
749,0.09296668524307161,0.009353275948381338,0.001205232888895134,0.008093305122025846
750,0.0980269332602037,0.008373927180148202,0.0024630794434104316,0.009821067086620774
751,0.10033358959829808,0.009306601135556897,0.0023175128424894895,0.00695218329242819
752,0.09103372002785177,0.0077577676858866145,0.0025256805977391873,0.009234878310485813
753,0.08762571010784215,0.004533488425378194,0.0013174054690748968,0.008061198766923757
754,0.09161571620318835,0.007430648885823639,0.0008798805247185467,0.008479064458255454
755,0.0843613211725122,0.008084868772798876,0.0026006798895483363,0.008836455149386009
756,0.07763203763541741,0.005956675466496343,0.0014225970952937493,0.007777598516993273
757,0.0767490221947093,0.0032259640488007685,0.002041237506278071,0.006702080986625675
758,0.07473005846822188,0.006262516064252647,0.002251755870283378,0.008590661110715637
759,0.0713396105636404,0.007580485071819673,0.0008927580896131476,0.0077771038862242655
760,0.07153306829675012,0.006615428451025297,0.0010792418258868482,0.007747586539244892
761,0.0668677264012759,0.00468111774354496,0.001982452515961781,0.006636509592091028
762,0.05767670993453994,0.0016594380008008822,0.002950665177324818,0.005226775488305418
763,0.06038322174646032,0.003186967807481107,0.0006998937007689892,0.003080730730121684
764,0.05717877155467989,0.005401964246701373,0.0017726876956145059,0.0064260768156177515
765,0.0532192429446132,0.006288876685770665,0.0009868190412617333,0.006521237541414764
766,0.04985526736535675,0.004035746765882493,0.0029125714290720627,0.004029395300442298
767,0.04859913271576696,0.005818162182777571,0.0016753620469687352,0.004600928228721892
768,0.048271223954444116,0.00366958855146569,0.0032669472200612167,0.00411800113235643
769,0.0483601661345342,0.0062694280928696795,0.00239910685670567,0.006140343888760478
770,0.04443511100423511,0.003779624689316461,0.002419862526952072,0.005341488859136392
771,0.04583726915388185,0.0039535712261300135,0.0010305058701221182,0.004663725296410444
772,0.043520552681864444,0.005638288682428846,0.0012912062537801532,0.005773712683366606
773,0.04362708449974112,0.004566805702807736,0.000949932781635285,0.0027338164888616604
774,0.042313378803896184,0.0012133311369027942,0.0023695490468103922,0.004482675729547204
775,0.03980377093227693,0.005026658023948877,0.002283005569213812,0.00495515780638532
776,0.042219991626094446,0.00202892488177407,0.0005749566048465569,0.005704648297074898
777,0.04128959550712945,0.006768241167174456,0.0012811676199839285,0.004940794285593262
778,0.04162310942676588,0.0026272131899791385,0.0002170273329245525,0.005623774929778531
779,0.03863896939116732,0.00387242922670078,0.001968086961681405,0.0035348779752369035
780,0.03790164832168932,0.0059233748799710495,0.0018958475809896667,0.0040149017845399785
781,0.03354799469205568,0.002896249114839395,0.0012076447690867553,0.004818313758709346
782,0.035415125211052306,0.006184627763361541,0.0021908592328646805,0.002788867504855287
783,0.035192637303888046,0.006088301013484101,0.0016043774508224503,0.00389546302821152
784,0.03163592497598723,0.005070094596263234,0.0010741805712620482,0.0034187068742378133
785,0.03198193763390813,0.005869407619085721,0.0021926357910811195,0.004296286058035351
786,0.032668180903956116,0.006604194819497114,0.0032998023314191396,0.003592483440595004
787,0.032643464981569226,0.0007374556539680143,0.0011460694941005023,0.003938981337812721
788,0.028945659171059984,0.0011618396924106091,0.0031828665117114713,0.002297364679605567
789,0.032931970754541885,0.00166451409039546,0.002303368550041811,0.0033084348480985296
790,0.032881075473591787,0.005097198006137829,0.0010360041197280984,0.002830381909204824
791,0.03422874369643021,0.006295208403857428,0.0019098840153195411,0.0030846703837865246
792,0.03394119993554162,0.005956996478786638,0.0031934581254310806,0.0022587647081471636
793,0.038070646164547264,0.0051505041230863495,0.0019909986029740825,0.0035462534881641524
794,0.04050634636898287,0.006033053290395627,0.0014115887515851703,0.003633328576997599
795,0.03787641205783238,0.003583070623162359,0.004048021235697725,0.0026834427423422544
796,0.037699360710309965,0.0008998314153885532,0.0019375338194623209,0.0036617687118555863
797,0.03905290888917352,0.0039355389996188995,0.0011746004985913195,0.003542253988527556
798,0.0401936266795799,0.004209634486443616,0.001620988931527553,0.003480373461053048
799,0.04193218649851278,0.003616508679923336,0.0029182918128502766,0.0033257389049112327
800,0.03910617512124946,0.005667548111730225,0.0006501309412012034,0.003445852394663338
801,0.043449647612024606,0.004834761098691866,0.0016072157283724608,0.00453809619208972
802,0.0432232620589538,0.003808098447374869,0.002511971414576796,0.0027138937727850527
803,0.04492501626677449,0.0033986313455110456,0.0031617978014782592,0.0026647586578084008
804,0.04683884306533875,0.0042067337543016505,0.002267995510809478,0.004413200957436264
805,0.04498356752966087,0.0023599293069189054,0.0012951211182519044,0.002086633605498407
806,0.04667007753093957,0.0050893896341989275,0.002114324145168653,0.0024523293321554083
807,0.051677626866352244,0.005801458668994663,0.0016417854499171194,0.0021190308751455026
808,0.046887248308281254,0.006037095630061447,0.0038122633043523725,0.0035111677300315065
809,0.04726582751651009,0.0045316838039572566,0.00250079799655456,0.0045890712129843265
810,0.04792291791981911,0.0026379876751490526,0.0008268657574514032,0.002754747310015783
811,0.04776024450594399,0.006146989598586796,0.0017989349088151944,0.003267411860146374
812,0.048857561716800946,0.004365092747068667,0.002343828914116686,0.003671205111116431
813,0.047376661140617504,0.002363647178782682,0.0004399944689356286,0.002114341133206827
814,0.05103148508452136,0.006441544411669752,0.0027399183230265105,0.003236123520677773
815,0.047908662695802226,0.0025052531898663646,0.003478865815111148,0.0024410818477225583
816,0.05001419289032806,0.004365965555125155,0.001876524711153073,0.0031412868882999263
817,0.050624144227695046,0.005597924661231775,0.002744430246784589,0.004047898786613553
818,0.052751994386494465,0.0027874846049472804,0.001667762395848274,0.0035648123123457
819,0.05136926003213568,0.0028917411909503803,0.00430879777397696,0.003926555801545577
820,0.05960156737706131,0.007342459519199396,0.0037522195122482436,0.0034909147076267336
821,0.054362206478164636,0.007701963782356361,0.002631452304660308,0.003777255030687661
822,0.05869618877842306,0.003294942889754797,0.00198951250652625,0.003705208817596361
823,0.09523423045697373,0.004245649045526852,0.003955866479414865,0.004869258201880996
824,0.09165044321671942,0.00594987737616467,0.003218105465929614,0.006608586872764913
825,0.09730450929529709,0.008173557801493437,0.0025869084536935,0.005691384076140405
826,0.1015831889469186,0.010624833330709724,0.004520941298636347,0.006333534206749879
827,0.10285005172737781,0.005511194899517864,0.0035415723771123823,0.005495319237613462
828,0.10476903425507862,0.00938823545325063,0.004714993585816866,0.00535615523557785
829,0.11009770132876429,0.005742282264736881,0.004075822004991571,0.006338081444757788
830,0.10687436139292601,0.009469923936324898,0.004393117108083155,0.006117723452124118
831,0.11534010164471507,0.007402046143067053,0.004192679842102682,0.007196429805440112
832,0.11403757725462393,0.010818034700389513,0.0057793096900118695,0.007279659532265523
833,0.11616812239453007,0.008317154113822962,0.0032925751940126127,0.007667081885122518
834,0.1229960036923751,0.009216746459405928,0.004041585122198938,0.007032001501112023
835,0.1250763865468878,0.0046098760306434415,0.005129962633615472,0.00798489833288503
836,0.1301383454290605,0.01243916245415734,0.00641484310471711,0.008535488849843894
837,0.12865613741988455,0.008478721255220284,0.0056192233578658025,0.00812030718976353
838,0.13395853090696624,0.008107725074004264,0.0069391446550621586,0.009148420308266675
839,0.13773681928474069,0.009048666069489836,0.0066291826674675335,0.008576967838054977
840,0.13029597842507123,0.008183830131111734,0.006000729793506987,0.00829043054551823
841,0.13859383076731302,0.011631185814366469,0.008338743778680383,0.007869707601611674
842,0.1370569003177773,0.013054180563870919,0.00615023734618948,0.0076329288634887395
843,0.14020573477349185,0.013488658680844121,0.005582167994840872,0.009929079836466853
844,0.14208292130564398,0.009520143294459474,0.006319746992815902,0.01014322481553162
845,0.1417627725530722,0.014074772256474466,0.007577627216786724,0.010077022046824919
846,0.13794366261390362,0.009431581679737166,0.006980591545257455,0.00873998858261661
847,0.1380452128198226,0.009322632389440979,0.007925470230214123,0.008877024742291045
848,0.14387700253232402,0.007225552420037168,0.008223676821458073,0.008635111407717458
849,0.1503256931655067,0.012224096155264576,0.004182128708978029,0.009567520393655835
850,0.15031312155930596,0.010198093279724487,0.005043366544357712,0.009041338328697085
851,0.14951147677828613,0.009421028428736593,0.0050178247810946635,0.008365381515747268
852,0.14484455914586744,0.006935562645265958,0.002504130898820525,0.009203951204120962
853,0.13801335449365884,0.009918495204553568,0.003902663126142695,0.009925867702305774
854,0.13385475581083972,0.011253995591841166,0.005328636230352095,0.010393840395754063
855,0.13572516263278123,0.007525371537980366,0.007155714077815129,0.009051824920843136
856,0.14238600271345234,0.009104998923768972,0.003335079756084689,0.0106284912470234
857,0.146292213434543,0.011189429540493052,0.004932257395959697,0.010338926102176339
858,0.13083279651140964,0.006800769401905012,0.006061649884805439,0.009658917243484952
859,0.1310842599162215,0.008375771647672389,0.0030664658624702805,0.00974434104915153
860,0.13139048377434964,0.008113543302005402,0.004161351209017602,0.009460888246950164
861,0.1266539504502513,0.004662613749685798,0.003023738298348991,0.010235249431302884
862,0.1368264920630401,0.009011648518088137,0.0027334569569236553,0.01010183506811081
863,0.1305742444119082,0.004143213206107367,0.002451934677260316,0.009522564907913034
864,0.13189075181492035,0.008776780360757137,0.0021798174785391967,0.010918328691725963
865,0.12747176942526378,0.007458686161594128,0.0036115857770145465,0.010831961933001373
866,0.11670058549376564,0.001983939330415811,0.0024403555771916933,0.008350458222869506
867,0.11612752589078308,0.00814753372170819,0.00446332289100551,0.008941349353277473
868,0.11344048147329713,0.007985047028016867,0.002118615162940886,0.010316727761938704
869,0.11162990614621789,0.006543443881642322,0.002046618948191366,0.00892438916928502
870,0.11256031646771619,0.008848716061206836,0.004401954550275069,0.00901598011842402
871,0.11308480826212441,0.0029406310838428324,0.003611467685971373,0.008628624007887864
872,0.13341770181984094,0.005121156941468694,0.004857893146838023,0.011728108166121956
873,0.13820488852119092,0.004178888636608226,0.0025959567141815437,0.010420478644019592
874,0.12062629746219518,0.0048289206330817645,0.002738587970975995,0.011275875447650812
875,0.12151536436978233,0.008736542801615224,0.0027106023635218076,0.012650328116605939
876,0.12363266998066014,0.0034300169004734976,0.003631494852004122,0.011833642631112903
877,0.11322113554983713,0.006577810053088887,0.0031090124529297887,0.011527516224674024
878,0.10812567436732845,0.0028065723654680545,0.0023952005254207066,0.011145602756957959
879,0.11081080275553079,0.008373053935860202,0.002926590673092099,0.00972529828763607
880,0.11331079477931075,0.006233570568149534,0.0014454287195160434,0.009727454962124526
881,0.10716118944057434,0.008356528087360591,0.002557949370633167,0.010476580030625987
882,0.10234989332796268,0.004103434471850949,0.0018290381421753963,0.01112544921220876
883,0.10576905149771726,0.00787918953998768,0.0036256873277503024,0.010727112319274954
884,0.11264523492784438,0.006667794006162567,0.002310715765988244,0.009782373723191982
885,0.11399060873338394,0.004708205681629492,0.0043046716759534654,0.011499167824669719
886,0.10901077872877206,0.008865688462639534,0.0022522372924842575,0.010221385294158253
887,0.1081317122498589,0.006778306850651714,0.0026890336506647226,0.009176557162376558
888,0.10837936453310158,0.0026936122897747335,0.0033458779649567258,0.010460339572606968
889,0.12155611507226907,0.003968926078531595,0.0015109071035418692,0.011320368478579632
890,0.10890379041458953,0.007827186521689752,0.0005015190438391399,0.012417430662801378
891,0.09607318973877246,0.006629913071589106,0.0013565999144678628,0.010390890190709762
892,0.07392807182501743,0.005726379555786122,0.0007508674737038111,0.007399889563329972
893,0.07184456223954162,0.005481612963849239,0.001357295316771131,0.008469775810599527
894,0.0650660438483053,0.0031952490103307712,0.001944275502943649,0.00582151051768763
895,0.05488459952358748,0.006519585471096484,0.0038593651524764273,0.005199115261035642
896,0.052365736077525815,0.006904387026826566,0.0011987882153270913,0.006823899010701355
897,0.04916881379584207,0.0035613402738205735,0.0037395573840065415,0.00459864660479176
898,0.05659678877718834,0.00847115245224373,0.0014865743967661588,0.004087105606522752
899,0.05594885827707489,0.005174827157063383,0.0014691328218446585,0.0052385052065270265
900,0.0554436871697815,0.004949206420304067,0.0015040833077249777,0.004350418801287288
901,0.06529366883090634,0.007305734379383414,0.002084556498284706,0.005176606011854733
902,0.06805441341775846,0.003287116323778277,0.001906498806396789,0.0036089231865397914
903,0.09542034878986322,0.00973462807446965,0.0037762179377129022,0.006026666635108303
904,0.11553587044496468,0.009524447430939624,0.006132088920205782,0.006737272519178961
905,0.13768674215238916,0.015046456329149522,0.004333428936932708,0.008504130328505131
906,0.13924937926720202,0.015307294851704872,0.004444129657743516,0.00805606209830036
907,0.16142068419054478,0.012175416067295152,0.006461817399373872,0.01068662909759125
908,0.15842390326083486,0.015840979474418617,0.004435751939766942,0.010498466953007768
909,0.1653163400820058,0.011424531733884798,0.0025251826054907183,0.01249899846317913
910,0.1420570903309176,0.010805902615382059,0.003969836532283749,0.009722457493046966
911,0.12890200399616472,0.009395219210707476,0.0017992238633755383,0.006571602377641703
912,0.13822371598302696,0.005121385150575106,0.0032781923133498488,0.00944181004891918
913,0.14438477431025326,0.012810930245047175,0.0037657236614445783,0.009404381896216445
914,0.14226761234334215,0.01029009872698814,0.005966124681632417,0.01181571864801105
915,0.16085320933097702,0.015032421042022119,0.004286643885181263,0.012894322345568622
916,0.13056937494276466,0.008742933335968919,0.004133641437051417,0.01294007263975097
917,0.12057073282957412,0.007280907701054894,0.0032552616643872546,0.013231027884126124
918,0.12401158511446915,0.011556933989831585,0.0032881135602197717,0.014465320926329234
919,0.11451019603042008,0.010858660177820315,0.0020517099124545734,0.014120482342989316
920,0.11737591191021102,0.010086128965312368,0.0012196821125309673,0.013045738596030698
921,0.10091716174130623,0.007679106417748683,0.0028821235157126136,0.014254333820628448
922,0.12544046838464423,0.008935510613745557,0.0023183899616262414,0.016868531014471385
923,0.11719151449440356,0.010261445555917171,0.0010981554414392118,0.01691813055642084
924,0.10170823015425148,0.013112060310276806,0.0013180501732676356,0.015623398171293025
925,0.09621886425135201,0.012015558422523888,0.0034811904825159945,0.016629954530022622
926,0.07924077725844927,0.008166026542370936,0.0027847752522035286,0.010568194624730642
927,0.06654340735648638,0.00982118739178986,0.0032182592354278415,0.009065877460859944
928,0.07997421147198991,0.010786073228893163,0.0008875323788190347,0.009807543574347927
929,0.09714561932202863,0.010614588563288653,0.006608531804394183,0.008593090811223312
930,0.09376446347103799,0.007248427234073643,0.0010846223600841207,0.008835115281660675
931,0.12221495738552693,0.008891113322971374,0.0030356115405067627,0.012023497086653472
932,0.1435340578113555,0.010272770319299943,0.004472965683759514,0.013234790649546989
933,0.143388397860332,0.01179546194350572,0.006997268864467651,0.01300020540549752
934,0.18434890933899067,0.013683016127901921,0.005376929096884364,0.019774149931483784
935,0.24848458084428993,0.02694666300566886,0.00824869236021586,0.030215532486559938
936,0.1482599587548705,0.013304171203362348,0.004254169009625489,0.019454967178266315
937,0.14109869365419378,0.012178650733102252,0.0017935093599621436,0.020910660611086006
938,0.13796364695404714,0.013322009838296034,0.0033932794581293287,0.021315952179965788
939,0.09449218223000407,0.014370925664248232,0.0023990985093021774,0.014527216596019257
940,0.08593147157058423,0.014914331491250847,0.0033275734796592025,0.013893173978144624
941,0.0957878616265547,0.012408535527562957,0.004268499049769711,0.017133974645115183
942,0.07565252393798384,0.0068379349391033675,0.0026747270737638375,0.010539062535973396
943,0.13942503900899872,0.013638527163366991,0.005883588419509408,0.00773387425956983
944,0.12386660603328721,0.00792162046276357,0.00402102940326971,0.010948484787422025
945,0.1650170471947877,0.01679766432001643,0.003919887572435071,0.013644275436852142
946,0.09681076596542054,0.013391707883738224,0.000694151319372875,0.007859972116677053
947,0.06486335579485461,0.01111197280569175,0.003548110399218916,0.009153797711189597
948,0.07241304436770245,0.005394461822251898,0.0013187016459519718,0.005500288420755346
949,0.07321687041197358,0.005897627608514625,0.006215406359655607,0.005861417880297325
950,0.10894008539798493,0.013562293199946349,0.001941088207115815,0.01021084092613389
951,0.1368353391524115,0.024989432338339838,0.005205545229770214,0.01963480891600846
952,0.1712517297375353,0.02848723905224465,0.005105196914574823,0.02419194677005224
953,0.12768427129728996,0.018920887701242974,0.0034032269654379298,0.017422460699416102
954,0.1871096907376206,0.018475830799364493,0.007737999776886481,0.018489299293807958
955,0.141947817724767,0.013078979746582137,0.0077053101246883395,0.019626732237997345
956,0.13662377270975734,0.0101227195966684,0.007443651232508223,0.015339077566670984
957,0.11912416787743141,0.012234175480424955,0.0046126880982464615,0.014812134401369371
958,0.18140085986500998,0.022472502900364053,0.012156343959101224,0.02941454917298178
959,0.10262888986994723,0.0077240586203865085,0.007108053189605387,0.01590250209637015
960,0.10271865297577527,0.014726934476335727,0.006347234104462614,0.014771735596293046
961,0.12323724866965918,0.01878595992498543,0.005838866013810003,0.020713221820472832
962,0.10206457080520254,0.01245720727516887,0.00982033050387248,0.011782298205258036
963,0.11794214274306476,0.00942567160084074,0.010770109445832055,0.01422562685192963
964,0.11114394552299141,0.01813832788998264,0.010342385475997945,0.008127514191819587
965,0.1706331706507219,0.010514669770590618,0.01297201228384341,0.010249688566508229
966,0.13892019075462156,0.01502473644977221,0.009756448705806671,0.010141279788068926
967,0.1346375389704128,0.0068556063733120455,0.007969863543629559,0.030641320819612867
968,0.1396018011295341,0.010844313893490016,0.008816417718714312,0.0028397579712453923
969,0.06381810417064432,0.011940035745659938,0.0007570252437280488,0.01498543451822817
970,0.09313903261714139,0.04435256015494089,0.007900472482470926,0.02423781710858063
971,0.26939023746839535,0.03921787808187112,0.015053136599307888,0.050119597630311166
972,0.2694135648182869,0.04711333955610264,0.01721758274894604,0.054882159793586155
973,0.19473633431963358,0.03629832011688874,0.005939474440702985,0.05566440504113357
974,0.21503726261308015,0.04676002154576528,0.01647353676148214,0.03543001555274944
975,0.2964864981456167,0.04941652876568355,0.01070878640399105,0.03469354001143665
976,0.2341134072688918,0.0377998772800754,0.009331058374733109,0.061746984782610925
977,0.1198522123743282,0.029656348664019103,0.007703549872139878,0.029289350321570436
978,0.08087187879194618,0.018042055338212733,0.00205833988927198,0.02111039538534938
979,0.16200516514606295,0.02938990844714745,0.0050482530167732026,0.01646005715416034
980,0.08691944856981643,0.031690992238625246,0.005076103475256122,0.017470995282795044
981,0.06801469077225974,0.03588486174102403,0.002671476354963006,0.021749193791295963
982,5.7853196098506995e-06,1.7963329338505175e-05,1.2865836248449788e-05,1.471667505773142e-05
983,2.0197117405896836e-05,1.1834280233152822e-05,2.7424831364871534e-05,1.698146394074811e-05
